learning_rate,qlearning_rate,value_loss,policy_loss,entropy,loss,old_approx_kl,approx_kl,clipfrac,explained_variance,SPS,output_scaleing,global_step,gym_id,exp_name,circuit,seed
0.00025,0.0025,30.05990219116211,-0.014602847397327423,0.6876989006996155,15.008471488952637,0.011159755289554596,0.003723402274772525,0.01318359375,-0.02759706974029541,2,1,512,CartPole-v1,CP-qppo-ac-simple_reuploading-qlr2.5e-3-(72-params),simple_reuploading,10
0.00025,0.0025,44.0062255859375,-0.013876309618353844,0.6831570863723755,21.982404708862305,0.013862471096217632,0.0032057880889624357,0.00634765625,-0.011930346488952637,2,1,1024,CartPole-v1,CP-qppo-ac-simple_reuploading-qlr2.5e-3-(72-params),simple_reuploading,10
0.00025,0.0025,62.6795539855957,-0.011306025087833405,0.6740546822547913,31.32172966003418,-0.0059781381860375404,0.0020303186029195786,0.0,-0.055155396461486816,2,1,1536,CartPole-v1,CP-qppo-ac-simple_reuploading-qlr2.5e-3-(72-params),simple_reuploading,10
0.00025,0.0025,64.45828247070312,-0.019999505952000618,0.6725215911865234,32.202415466308594,0.006287374999374151,0.0019564111717045307,0.00244140625,-0.005947589874267578,2,1,2048,CartPole-v1,CP-qppo-ac-simple_reuploading-qlr2.5e-3-(72-params),simple_reuploading,10
0.00025,0.0025,54.077903747558594,-0.020091522485017776,0.6544305086135864,27.01231575012207,0.0064907558262348175,0.0019879150204360485,0.0029296875,-0.031346797943115234,2,1,2560,CartPole-v1,CP-qppo-ac-simple_reuploading-qlr2.5e-3-(72-params),simple_reuploading,10
0.00025,0.0025,53.18224334716797,-0.015514913946390152,0.666380763053894,26.56894302368164,0.0026348039973527193,0.0018331801984459162,0.00048828125,-0.0004780292510986328,2,1,3072,CartPole-v1,CP-qppo-ac-simple_reuploading-qlr2.5e-3-(72-params),simple_reuploading,10
0.00025,0.0025,51.3129997253418,-0.015560650266706944,0.6495553851127625,25.634443283081055,0.008738933131098747,0.0026575031224638224,0.00146484375,0.05023181438446045,2,1,3584,CartPole-v1,CP-qppo-ac-simple_reuploading-qlr2.5e-3-(72-params),simple_reuploading,10
0.00025,0.0025,71.09044647216797,-0.012076504528522491,0.6450580954551697,35.526695251464844,0.0069600497372448444,0.002480816561728716,0.0,0.030939161777496338,2,1,4096,CartPole-v1,CP-qppo-ac-simple_reuploading-qlr2.5e-3-(72-params),simple_reuploading,10
0.00025,0.0025,65.55950164794922,-0.013808110728859901,0.653376042842865,32.7594108581543,-0.00035824731457978487,0.0010414490243420005,0.00048828125,0.04998958110809326,2,1,4608,CartPole-v1,CP-qppo-ac-simple_reuploading-qlr2.5e-3-(72-params),simple_reuploading,10
0.00025,0.0025,56.76948547363281,-0.005051523447036743,0.6625020503997803,28.373065948486328,0.004408341832458973,0.0009400560520589352,0.0,-0.004385709762573242,2,1,5120,CartPole-v1,CP-qppo-ac-simple_reuploading-qlr2.5e-3-(72-params),simple_reuploading,10
0.00025,0.0025,60.618690490722656,-0.005483020097017288,0.644551694393158,30.29741668701172,0.0049470895901322365,0.0017008092254400253,0.00244140625,0.041651785373687744,2,1,5632,CartPole-v1,CP-qppo-ac-simple_reuploading-qlr2.5e-3-(72-params),simple_reuploading,10
0.00025,0.0025,81.5185317993164,-0.006022779271006584,0.6413503885269165,40.746829986572266,0.0023030948359519243,0.0015191802522167563,0.00146484375,0.034322261810302734,2,1,6144,CartPole-v1,CP-qppo-ac-simple_reuploading-qlr2.5e-3-(72-params),simple_reuploading,10
0.00025,0.0025,64.36929321289062,-0.011910284869372845,0.6494449973106384,32.16624069213867,0.00019926566164940596,0.0009884409373626113,0.00146484375,-0.025392651557922363,2,1,6656,CartPole-v1,CP-qppo-ac-simple_reuploading-qlr2.5e-3-(72-params),simple_reuploading,10
0.00025,0.0025,70.06547546386719,-0.007763192057609558,0.6434977054595947,35.01853942871094,-0.002813612809404731,0.000968742766417563,0.0009765625,0.06024891138076782,2,1,7168,CartPole-v1,CP-qppo-ac-simple_reuploading-qlr2.5e-3-(72-params),simple_reuploading,10
0.00025,0.0025,77.50135803222656,-0.006468739360570908,0.6502823829650879,38.737709045410156,0.0055108750239014626,0.0005980741698294878,0.0,0.007102489471435547,2,1,7680,CartPole-v1,CP-qppo-ac-simple_reuploading-qlr2.5e-3-(72-params),simple_reuploading,10
0.00025,0.0025,78.39865112304688,-0.013469036668539047,0.6601475477218628,39.179256439208984,-0.0027110581286251545,0.0014676275895908475,0.00146484375,0.0032526254653930664,2,1,8192,CartPole-v1,CP-qppo-ac-simple_reuploading-qlr2.5e-3-(72-params),simple_reuploading,10
0.00025,0.0025,61.099639892578125,-0.014225484803318977,0.6306964159011841,30.529287338256836,0.009998113848268986,0.0021915114484727383,0.0,0.010023891925811768,2,1,8704,CartPole-v1,CP-qppo-ac-simple_reuploading-qlr2.5e-3-(72-params),simple_reuploading,10
0.00025,0.0025,62.627403259277344,-0.014690294861793518,0.6443852186203003,31.29256820678711,0.005890917032957077,0.001992742531001568,0.0029296875,-0.01737034320831299,2,1,9216,CartPole-v1,CP-qppo-ac-simple_reuploading-qlr2.5e-3-(72-params),simple_reuploading,10
0.00025,0.0025,74.3519515991211,-0.01389625109732151,0.6334590315818787,37.15574645996094,-0.0016012528212741017,0.0008551230421289802,0.0,0.05040740966796875,2,1,9728,CartPole-v1,CP-qppo-ac-simple_reuploading-qlr2.5e-3-(72-params),simple_reuploading,10
0.00025,0.0025,65.85436248779297,-0.0070648398250341415,0.6297284960746765,32.913818359375,0.0007033440051600337,0.0012299591908231378,0.00146484375,0.012120187282562256,2,1,10240,CartPole-v1,CP-qppo-ac-simple_reuploading-qlr2.5e-3-(72-params),simple_reuploading,10
0.00025,0.0025,69.38958740234375,-0.008132340386509895,0.650969386100769,34.680152893066406,0.008077800273895264,0.002189421560615301,0.00048828125,0.0014266371726989746,2,1,10752,CartPole-v1,CP-qppo-ac-simple_reuploading-qlr2.5e-3-(72-params),simple_reuploading,10
0.00025,0.0025,67.43923950195312,-0.007585907354950905,0.6394485235214233,33.70563888549805,0.00304607767611742,0.004191444255411625,0.01318359375,0.017611145973205566,2,1,11264,CartPole-v1,CP-qppo-ac-simple_reuploading-qlr2.5e-3-(72-params),simple_reuploading,10
0.00025,0.0025,60.46168518066406,0.005407281219959259,0.6208444237709045,30.23004150390625,-0.008533701300621033,0.0033807570580393076,0.0107421875,0.018764376640319824,2,1,11776,CartPole-v1,CP-qppo-ac-simple_reuploading-qlr2.5e-3-(72-params),simple_reuploading,10
0.00025,0.0025,64.35255432128906,-0.006514277309179306,0.6308627128601074,32.163455963134766,0.0021087373606860638,0.0024835197255015373,0.0009765625,0.028416454792022705,2,1,12288,CartPole-v1,CP-qppo-ac-simple_reuploading-qlr2.5e-3-(72-params),simple_reuploading,10
0.00025,0.0025,58.863929748535156,-0.006276233121752739,0.646101176738739,29.419227600097656,0.002135063521564007,0.0024113571271300316,0.00146484375,0.025634825229644775,2,1,12800,CartPole-v1,CP-qppo-ac-simple_reuploading-qlr2.5e-3-(72-params),simple_reuploading,10
0.00025,0.0025,74.26160430908203,-0.0059605371206998825,0.6435442566871643,37.118404388427734,0.002491806633770466,0.0011228612856939435,0.00048828125,0.05004626512527466,2,1,13312,CartPole-v1,CP-qppo-ac-simple_reuploading-qlr2.5e-3-(72-params),simple_reuploading,10
0.00025,0.0025,68.035888671875,-0.010086225345730782,0.6366952657699585,34.00149154663086,-0.00705695291981101,0.0013244702713564038,0.001953125,0.025194764137268066,2,1,13824,CartPole-v1,CP-qppo-ac-simple_reuploading-qlr2.5e-3-(72-params),simple_reuploading,10
0.00025,0.0025,57.78802490234375,-0.005234862677752972,0.6285080909729004,28.882492065429688,-0.0019623113330453634,0.0010208326857537031,0.00439453125,0.03921717405319214,2,1,14336,CartPole-v1,CP-qppo-ac-simple_reuploading-qlr2.5e-3-(72-params),simple_reuploading,10
0.00025,0.0025,68.44034576416016,-0.009498560801148415,0.6142838001251221,34.204532623291016,0.0008224353659898043,0.0009521264582872391,0.0009765625,0.02224057912826538,2,1,14848,CartPole-v1,CP-qppo-ac-simple_reuploading-qlr2.5e-3-(72-params),simple_reuploading,10
0.00025,0.0025,57.263023376464844,-0.0177021324634552,0.6228845119476318,28.607580184936523,0.011394279077649117,0.001673397608101368,0.0009765625,0.0428539514541626,2,1,15360,CartPole-v1,CP-qppo-ac-simple_reuploading-qlr2.5e-3-(72-params),simple_reuploading,10
0.00025,0.0025,70.95201873779297,6.701797246932983e-05,0.6207080483436584,35.46986770629883,-0.0013586608693003654,0.0016656420193612576,0.00048828125,0.0467570424079895,2,1,15872,CartPole-v1,CP-qppo-ac-simple_reuploading-qlr2.5e-3-(72-params),simple_reuploading,10
0.00025,0.0025,54.65972900390625,-0.017822738736867905,0.621178388595581,27.305830001831055,-0.0031757454853504896,0.0025903047062456608,0.00927734375,0.060165584087371826,2,1,16384,CartPole-v1,CP-qppo-ac-simple_reuploading-qlr2.5e-3-(72-params),simple_reuploading,10
0.00025,0.0025,64.14646911621094,-0.010427001863718033,0.6153185963630676,32.05665588378906,-0.0028131711296737194,0.001024775905534625,0.00048828125,0.04149985313415527,2,1,16896,CartPole-v1,CP-qppo-ac-simple_reuploading-qlr2.5e-3-(72-params),simple_reuploading,10
0.00025,0.0025,68.09699249267578,-0.004975434392690659,0.6134800910949707,34.03738784790039,-0.002774642314761877,0.0007697761757299304,0.0,0.04223388433456421,2,1,17408,CartPole-v1,CP-qppo-ac-simple_reuploading-qlr2.5e-3-(72-params),simple_reuploading,10
0.00025,0.0025,77.49536895751953,-0.01136597990989685,0.6124840974807739,38.730194091796875,0.003925724886357784,0.0017142354045063257,0.0,0.04793095588684082,2,1,17920,CartPole-v1,CP-qppo-ac-simple_reuploading-qlr2.5e-3-(72-params),simple_reuploading,10
0.00025,0.0025,59.2398681640625,-0.008784346282482147,0.6339841485023499,29.60481071472168,0.007249088492244482,0.0034797373227775097,0.00732421875,0.0045967698097229,2,1,18432,CartPole-v1,CP-qppo-ac-simple_reuploading-qlr2.5e-3-(72-params),simple_reuploading,10
0.00025,0.0025,69.58987426757812,-0.0189056359231472,0.6226485967636108,34.769805908203125,-0.014375275000929832,0.007463603280484676,0.017578125,0.03206896781921387,2,1,18944,CartPole-v1,CP-qppo-ac-simple_reuploading-qlr2.5e-3-(72-params),simple_reuploading,10
0.00025,0.0025,53.975120544433594,-0.007235299795866013,0.6129417419433594,26.97419548034668,0.0067609273828566074,0.0021003978326916695,0.00634765625,0.011048734188079834,2,1,19456,CartPole-v1,CP-qppo-ac-simple_reuploading-qlr2.5e-3-(72-params),simple_reuploading,10
0.00025,0.0025,77.55587768554688,-0.005399364046752453,0.6305060386657715,38.7662353515625,-0.00044925708789378405,0.0007048704428598285,0.0009765625,0.03020656108856201,2,1,19968,CartPole-v1,CP-qppo-ac-simple_reuploading-qlr2.5e-3-(72-params),simple_reuploading,10
0.00025,0.0025,69.5959701538086,-0.020191462710499763,0.6325031518936157,34.77146911621094,0.0004841187037527561,0.0010904965456575155,0.0,0.013970375061035156,2,1,20480,CartPole-v1,CP-qppo-ac-simple_reuploading-qlr2.5e-3-(72-params),simple_reuploading,10
0.00025,0.0025,61.77013397216797,-0.015481609851121902,0.6174410581588745,30.86341094970703,0.0038969973102211952,0.0014243494952097535,0.0009765625,0.05848419666290283,2,1,20992,CartPole-v1,CP-qppo-ac-simple_reuploading-qlr2.5e-3-(72-params),simple_reuploading,10
0.00025,0.0025,61.255672454833984,-0.011468390002846718,0.6166746616363525,30.610200881958008,-0.0034434841945767403,0.0008302052738144994,0.0009765625,0.03856527805328369,2,1,21504,CartPole-v1,CP-qppo-ac-simple_reuploading-qlr2.5e-3-(72-params),simple_reuploading,10
0.00025,0.0025,56.475242614746094,-0.016993921250104904,0.6450448632240295,28.214176177978516,-0.00014967378228902817,0.004238313529640436,0.01318359375,0.036231160163879395,2,1,22016,CartPole-v1,CP-qppo-ac-simple_reuploading-qlr2.5e-3-(72-params),simple_reuploading,10
0.00025,0.0025,65.2269515991211,-0.007938005030155182,0.6157993078231812,32.59938049316406,0.0021849097684025764,0.0004094498581252992,0.00048828125,0.05546391010284424,2,1,22528,CartPole-v1,CP-qppo-ac-simple_reuploading-qlr2.5e-3-(72-params),simple_reuploading,10
0.00025,0.0025,61.13188171386719,-0.0057957107201218605,0.6335560083389282,30.553810119628906,0.0016261158743873239,0.00035333738196641207,0.0,0.02362614870071411,2,1,23040,CartPole-v1,CP-qppo-ac-simple_reuploading-qlr2.5e-3-(72-params),simple_reuploading,10
0.00025,0.0025,61.43647384643555,-0.006018593907356262,0.619432806968689,30.706024169921875,0.001637319102883339,0.0011472899932414293,0.00146484375,0.02022761106491089,2,1,23552,CartPole-v1,CP-qppo-ac-simple_reuploading-qlr2.5e-3-(72-params),simple_reuploading,10
0.00025,0.0025,59.05356216430664,-0.01286599226295948,0.6166025996208191,29.507749557495117,0.008269007317721844,0.0024816864170134068,0.00341796875,0.06378495693206787,2,1,24064,CartPole-v1,CP-qppo-ac-simple_reuploading-qlr2.5e-3-(72-params),simple_reuploading,10
0.00025,0.0025,51.56302261352539,-0.014727944508194923,0.6111180782318115,25.760671615600586,0.00955973006784916,0.007435350678861141,0.015625,0.05237269401550293,2,1,24576,CartPole-v1,CP-qppo-ac-simple_reuploading-qlr2.5e-3-(72-params),simple_reuploading,10
0.00025,0.0025,60.99335861206055,-0.015470167621970177,0.6044995188713074,30.47516441345215,0.009086571633815765,0.00223991135135293,0.00439453125,0.07857698202133179,2,1,25088,CartPole-v1,CP-qppo-ac-simple_reuploading-qlr2.5e-3-(72-params),simple_reuploading,10
0.00025,0.0025,58.149925231933594,-0.0016095228493213654,0.6233915090560913,29.067119598388672,0.0008776335744187236,0.00030942383455112576,0.0,0.0665130615234375,2,1,25600,CartPole-v1,CP-qppo-ac-simple_reuploading-qlr2.5e-3-(72-params),simple_reuploading,10
0.00025,0.0025,53.029205322265625,-0.006043270230293274,0.5982176661491394,26.50257682800293,-0.0031910648103803396,0.0038953451439738274,0.00732421875,0.04994839429855347,2,1,26112,CartPole-v1,CP-qppo-ac-simple_reuploading-qlr2.5e-3-(72-params),simple_reuploading,10
0.00025,0.0025,53.67556381225586,-0.006570184603333473,0.6028658151626587,26.825183868408203,-0.0013433598214760423,0.001462370972149074,0.00048828125,0.0638856291770935,2,1,26624,CartPole-v1,CP-qppo-ac-simple_reuploading-qlr2.5e-3-(72-params),simple_reuploading,10
0.00025,0.0025,54.87564468383789,-0.006401758641004562,0.6219021081924438,27.425201416015625,0.002420299919322133,0.0007413809071294963,0.0,0.0673707127571106,2,1,27136,CartPole-v1,CP-qppo-ac-simple_reuploading-qlr2.5e-3-(72-params),simple_reuploading,10
0.00025,0.0025,58.195526123046875,-0.006837759166955948,0.6206579804420471,29.084718704223633,0.009733624756336212,0.002996147144585848,0.00244140625,0.10249966382980347,2,1,27648,CartPole-v1,CP-qppo-ac-simple_reuploading-qlr2.5e-3-(72-params),simple_reuploading,10
0.00025,0.0025,56.8821907043457,-0.0067445822060108185,0.602897047996521,28.428321838378906,0.002291750628501177,0.0022484343498945236,0.01220703125,0.10364049673080444,2,1,28160,CartPole-v1,CP-qppo-ac-simple_reuploading-qlr2.5e-3-(72-params),simple_reuploading,10
0.00025,0.0025,53.30087661743164,-0.0005831420421600342,0.6090723872184753,26.64376449584961,0.011991482228040695,0.0012359824031591415,0.00048828125,0.024930179119110107,2,1,28672,CartPole-v1,CP-qppo-ac-simple_reuploading-qlr2.5e-3-(72-params),simple_reuploading,10
0.00025,0.0025,63.299285888671875,-0.007815256714820862,0.6258108615875244,31.635570526123047,0.006289437413215637,0.001486866851337254,0.0,0.13679367303848267,2,1,29184,CartPole-v1,CP-qppo-ac-simple_reuploading-qlr2.5e-3-(72-params),simple_reuploading,10
0.00025,0.0025,63.904151916503906,-0.01598387584090233,0.5946258306503296,31.930145263671875,0.011781131848692894,0.0032418924383819103,0.00634765625,0.07830792665481567,2,1,29696,CartPole-v1,CP-qppo-ac-simple_reuploading-qlr2.5e-3-(72-params),simple_reuploading,10
0.00025,0.0025,58.22750473022461,-0.0064939777366817,0.6282140016555786,29.100976943969727,0.004992412403225899,0.0006323456182144582,0.001953125,0.14534235000610352,2,1,30208,CartPole-v1,CP-qppo-ac-simple_reuploading-qlr2.5e-3-(72-params),simple_reuploading,10
0.00025,0.0025,62.18046569824219,-0.0011246353387832642,0.6343591213226318,31.082763671875,0.005256772972643375,0.0010317445266991854,0.00341796875,0.0948140025138855,2,1,30720,CartPole-v1,CP-qppo-ac-simple_reuploading-qlr2.5e-3-(72-params),simple_reuploading,10
0.00025,0.0025,59.40470886230469,-0.013311874121427536,0.6242543458938599,29.68280029296875,-0.003653507912531495,0.001290030311793089,0.00390625,0.15426534414291382,2,1,31232,CartPole-v1,CP-qppo-ac-simple_reuploading-qlr2.5e-3-(72-params),simple_reuploading,10
0.00025,0.0025,62.7882194519043,-0.012012678198516369,0.6158953905105591,31.375938415527344,0.002433205721899867,0.000569501135032624,0.0,0.18919646739959717,2,1,31744,CartPole-v1,CP-qppo-ac-simple_reuploading-qlr2.5e-3-(72-params),simple_reuploading,10
0.00025,0.0025,57.13958740234375,-0.0019266791641712189,0.6297233700752258,28.561569213867188,-0.003491810290142894,0.0008165210019797087,0.0009765625,0.07886403799057007,2,1,32256,CartPole-v1,CP-qppo-ac-simple_reuploading-qlr2.5e-3-(72-params),simple_reuploading,10
0.00025,0.0025,61.941612243652344,-0.005254246294498444,0.6207908987998962,30.9593448638916,-0.005720966495573521,0.00200666137970984,0.01220703125,0.18420130014419556,2,1,32768,CartPole-v1,CP-qppo-ac-simple_reuploading-qlr2.5e-3-(72-params),simple_reuploading,10
0.00025,0.0025,57.97275924682617,-0.003136097453534603,0.6157061457633972,28.977087020874023,0.004506521392613649,0.00403223093599081,0.00390625,0.14042043685913086,2,1,33280,CartPole-v1,CP-qppo-ac-simple_reuploading-qlr2.5e-3-(72-params),simple_reuploading,10
0.00025,0.0025,55.85999298095703,-0.004505735822021961,0.622490406036377,27.919265747070312,0.0015401891432702541,0.0008060262189246714,0.0,0.3050420880317688,2,1,33792,CartPole-v1,CP-qppo-ac-simple_reuploading-qlr2.5e-3-(72-params),simple_reuploading,10
0.00025,0.0025,56.952659606933594,-0.002907630056142807,0.6149306297302246,28.467273712158203,0.004029534291476011,0.0009026289917528629,0.00146484375,0.31168287992477417,2,1,34304,CartPole-v1,CP-qppo-ac-simple_reuploading-qlr2.5e-3-(72-params),simple_reuploading,10
0.00025,0.0025,65.55980682373047,-0.003826078027486801,0.609963059425354,32.76997756958008,0.009117147885262966,0.0045675551518797874,0.00537109375,0.08040952682495117,2,1,34816,CartPole-v1,CP-qppo-ac-simple_reuploading-qlr2.5e-3-(72-params),simple_reuploading,10
0.00025,0.0025,55.7042350769043,-0.0008410913869738579,0.6102734208106995,27.845172882080078,0.00316409720107913,0.00114257272798568,0.0,0.24875646829605103,2,1,35328,CartPole-v1,CP-qppo-ac-simple_reuploading-qlr2.5e-3-(72-params),simple_reuploading,10
0.00025,0.0025,49.524864196777344,-0.002124357968568802,0.5937719941139221,24.754369735717773,-0.0019808001816272736,0.00017872272292152047,0.0,0.10582458972930908,2,1,35840,CartPole-v1,CP-qppo-ac-simple_reuploading-qlr2.5e-3-(72-params),simple_reuploading,10
0.00025,0.0025,65.2300033569336,-0.013450217433273792,0.622017502784729,32.595333099365234,0.0018611241830512881,0.0011333603179082274,0.0009765625,0.20029830932617188,2,1,36352,CartPole-v1,CP-qppo-ac-simple_reuploading-qlr2.5e-3-(72-params),simple_reuploading,10
0.00025,0.0025,44.29031753540039,-0.003495827317237854,0.6202488541603088,22.135459899902344,-0.0020456609781831503,0.0017908205045387149,0.00439453125,0.24956417083740234,2,1,36864,CartPole-v1,CP-qppo-ac-simple_reuploading-qlr2.5e-3-(72-params),simple_reuploading,10
0.00025,0.0025,52.21742248535156,-0.004939775913953781,0.626014232635498,26.097511291503906,0.01015196368098259,0.0009437523549422622,0.00048828125,0.1099291443824768,2,1,37376,CartPole-v1,CP-qppo-ac-simple_reuploading-qlr2.5e-3-(72-params),simple_reuploading,10
0.00025,0.0025,48.64664840698242,-0.012718021869659424,0.5875524282455444,24.304731369018555,0.012421629391610622,0.004455644637346268,0.00439453125,0.09116166830062866,2,1,37888,CartPole-v1,CP-qppo-ac-simple_reuploading-qlr2.5e-3-(72-params),simple_reuploading,10
0.00025,0.0025,48.82592010498047,-0.010530410334467888,0.604343056678772,24.396387100219727,0.012576533481478691,0.004724674858152866,0.00634765625,0.12839621305465698,2,1,38400,CartPole-v1,CP-qppo-ac-simple_reuploading-qlr2.5e-3-(72-params),simple_reuploading,10
0.00025,0.0025,44.939064025878906,-0.022289838641881943,0.5865535736083984,22.441375732421875,0.002405563835054636,0.001644639763981104,0.00634765625,0.05904954671859741,2,1,38912,CartPole-v1,CP-qppo-ac-simple_reuploading-qlr2.5e-3-(72-params),simple_reuploading,10
0.00025,0.0025,57.1923828125,-0.01645009219646454,0.5920270681381226,28.573820114135742,-0.0017350182170048356,0.002419089199975133,0.00048828125,0.1733415126800537,2,1,39424,CartPole-v1,CP-qppo-ac-simple_reuploading-qlr2.5e-3-(72-params),simple_reuploading,10
0.00025,0.0025,54.31707000732422,0.0019019916653633118,0.5945872068405151,27.154491424560547,0.0028537437319755554,0.005457467399537563,0.01220703125,0.026115357875823975,2,1,39936,CartPole-v1,CP-qppo-ac-simple_reuploading-qlr2.5e-3-(72-params),simple_reuploading,10
0.00025,0.0025,57.37639236450195,-0.011776754632592201,0.5892634391784668,28.6705265045166,-0.004040268249809742,0.004357298836112022,0.00390625,0.058804094791412354,2,1,40448,CartPole-v1,CP-qppo-ac-simple_reuploading-qlr2.5e-3-(72-params),simple_reuploading,10
0.00025,0.0025,50.18478775024414,-0.011002220213413239,0.6007084846496582,25.07538414001465,0.004465483129024506,0.0014876212226226926,0.0,0.04441457986831665,2,1,40960,CartPole-v1,CP-qppo-ac-simple_reuploading-qlr2.5e-3-(72-params),simple_reuploading,10
0.00025,0.0025,53.58197021484375,-0.017237916588783264,0.6165788173675537,26.767581939697266,-0.0062392596155405045,0.003149149240925908,0.00732421875,0.1747393012046814,2,1,41472,CartPole-v1,CP-qppo-ac-simple_reuploading-qlr2.5e-3-(72-params),simple_reuploading,10
0.00025,0.0025,58.169151306152344,-0.00690041109919548,0.6097941398620605,29.071577072143555,-0.0016235485672950745,0.0007284171297214925,0.0,0.21201038360595703,2,1,41984,CartPole-v1,CP-qppo-ac-simple_reuploading-qlr2.5e-3-(72-params),simple_reuploading,10
0.00025,0.0025,48.65060806274414,-0.006366383284330368,0.6063493490219116,24.31287384033203,-0.00488349050283432,0.0014141225256025791,0.0,0.07180178165435791,2,1,42496,CartPole-v1,CP-qppo-ac-simple_reuploading-qlr2.5e-3-(72-params),simple_reuploading,10
0.00025,0.0025,53.391597747802734,-0.024407416582107544,0.6055808067321777,26.665334701538086,0.007667543366551399,0.002260823268443346,0.00732421875,-0.0038641691207885742,2,1,43008,CartPole-v1,CP-qppo-ac-simple_reuploading-qlr2.5e-3-(72-params),simple_reuploading,10
0.00025,0.0025,49.11785888671875,-0.012203576974570751,0.5930502414703369,24.540796279907227,0.01277086790651083,0.0024178645107895136,0.00146484375,0.01849609613418579,2,1,43520,CartPole-v1,CP-qppo-ac-simple_reuploading-qlr2.5e-3-(72-params),simple_reuploading,10
0.00025,0.0025,57.11735534667969,-0.010988732799887657,0.5923736095428467,28.541765213012695,0.010330219753086567,0.0011189407669007778,0.00048828125,0.0368533730506897,2,1,44032,CartPole-v1,CP-qppo-ac-simple_reuploading-qlr2.5e-3-(72-params),simple_reuploading,10
0.00025,0.0025,52.10900115966797,-0.00902361050248146,0.6178251504898071,26.03929901123047,0.006857763975858688,0.0005905671278014779,0.00048828125,0.19490838050842285,2,1,44544,CartPole-v1,CP-qppo-ac-simple_reuploading-qlr2.5e-3-(72-params),simple_reuploading,10
0.00025,0.0025,53.604434967041016,-0.005384400486946106,0.599173903465271,26.790842056274414,-0.006015417166054249,0.0022208290174603462,0.001953125,0.07823622226715088,2,1,45056,CartPole-v1,CP-qppo-ac-simple_reuploading-qlr2.5e-3-(72-params),simple_reuploading,10
0.00025,0.0025,42.89668273925781,-0.01910461112856865,0.5869197249412537,21.423368453979492,-0.0007629264146089554,0.003387968521565199,0.0068359375,0.10281211137771606,2,1,45568,CartPole-v1,CP-qppo-ac-simple_reuploading-qlr2.5e-3-(72-params),simple_reuploading,10
0.00025,0.0025,51.6472053527832,-0.013050918467342854,0.5910394191741943,25.804641723632812,0.0037596344482153654,0.0023454842157661915,0.00439453125,0.054877519607543945,2,1,46080,CartPole-v1,CP-qppo-ac-simple_reuploading-qlr2.5e-3-(72-params),simple_reuploading,10
0.00025,0.0025,53.21460723876953,-0.011858467012643814,0.5885364413261414,26.58955955505371,-0.0017721435287967324,0.008959803730249405,0.0263671875,0.09218931198120117,2,1,46592,CartPole-v1,CP-qppo-ac-simple_reuploading-qlr2.5e-3-(72-params),simple_reuploading,10
0.00025,0.0025,46.908058166503906,-0.002983778715133667,0.6200718283653259,23.44484519958496,-0.0003228143323212862,0.0005210929084569216,0.0,0.6607966423034668,2,1,47104,CartPole-v1,CP-qppo-ac-simple_reuploading-qlr2.5e-3-(72-params),simple_reuploading,10
0.00025,0.0025,53.062828063964844,-0.009118739515542984,0.5786460041999817,26.516508102416992,0.012385763227939606,0.004988189321011305,0.01025390625,0.49476689100265503,2,1,47616,CartPole-v1,CP-qppo-ac-simple_reuploading-qlr2.5e-3-(72-params),simple_reuploading,10
0.00025,0.0025,56.93803787231445,0.00015595508739352226,0.5881574153900146,28.463293075561523,0.01514596026390791,0.0026105353608727455,0.00732421875,0.0018463730812072754,2,1,48128,CartPole-v1,CP-qppo-ac-simple_reuploading-qlr2.5e-3-(72-params),simple_reuploading,10
0.00025,0.0025,60.397552490234375,-6.433948874473572e-05,0.6013384461402893,30.192699432373047,-0.001468144473619759,0.003983639180660248,0.00732421875,-0.020575523376464844,2,1,48640,CartPole-v1,CP-qppo-ac-simple_reuploading-qlr2.5e-3-(72-params),simple_reuploading,10
0.00025,0.0025,47.22595977783203,-0.0030153393745422363,0.6127310991287231,23.603837966918945,0.0021302993409335613,0.0025946435052901506,0.005859375,0.04605865478515625,2,1,49152,CartPole-v1,CP-qppo-ac-simple_reuploading-qlr2.5e-3-(72-params),simple_reuploading,10
0.00025,0.0025,54.242889404296875,-0.005747057497501373,0.5923448204994202,27.109773635864258,0.007833772338926792,0.002835744060575962,0.01025390625,0.036177992820739746,2,1,49664,CartPole-v1,CP-qppo-ac-simple_reuploading-qlr2.5e-3-(72-params),simple_reuploading,10
0.00025,0.0025,47.188907623291016,-0.010102951899170876,0.5826923251152039,23.578523635864258,0.005080610513687134,0.0010856031440198421,0.001953125,0.09130203723907471,2,1,50176,CartPole-v1,CP-qppo-ac-simple_reuploading-qlr2.5e-3-(72-params),simple_reuploading,10
0.00025,0.0025,57.52821731567383,0.0003272038884460926,0.5765939950942993,28.758670806884766,0.005820786580443382,0.0013528713025152683,0.0009765625,0.06658011674880981,2,1,50688,CartPole-v1,CP-qppo-ac-simple_reuploading-qlr2.5e-3-(72-params),simple_reuploading,10
0.00025,0.0025,52.27350997924805,-0.014562461525201797,0.6065893769264221,26.116127014160156,0.004960507620126009,0.0017216840060427785,0.00341796875,0.18402957916259766,2,1,51200,CartPole-v1,CP-qppo-ac-simple_reuploading-qlr2.5e-3-(72-params),simple_reuploading,10
0.00025,0.0025,47.448974609375,-0.004964605905115604,0.6246048808097839,23.713275909423828,-0.006265994161367416,0.002167102647945285,0.0048828125,0.13389021158218384,2,1,51712,CartPole-v1,CP-qppo-ac-simple_reuploading-qlr2.5e-3-(72-params),simple_reuploading,10
0.00025,0.0025,53.83310317993164,-0.0043469760566949844,0.6296663880348206,26.905908584594727,0.0050099738873541355,0.0008795553585514426,0.0,0.2524048686027527,2,1,52224,CartPole-v1,CP-qppo-ac-simple_reuploading-qlr2.5e-3-(72-params),simple_reuploading,10
0.00025,0.0025,50.608116149902344,-0.019933469593524933,0.6011867523193359,25.278112411499023,0.004313658457249403,0.004082875791937113,0.00439453125,0.17498892545700073,2,1,52736,CartPole-v1,CP-qppo-ac-simple_reuploading-qlr2.5e-3-(72-params),simple_reuploading,10
0.00025,0.0025,51.8337516784668,-0.00614262605085969,0.6280384063720703,25.90445327758789,0.00855556596070528,0.0012830696068704128,0.0029296875,0.06944215297698975,2,1,53248,CartPole-v1,CP-qppo-ac-simple_reuploading-qlr2.5e-3-(72-params),simple_reuploading,10
0.00025,0.0025,52.93141555786133,-0.014806153252720833,0.615614652633667,26.444746017456055,0.011767899617552757,0.0021534892730414867,0.00439453125,0.24640560150146484,2,1,53760,CartPole-v1,CP-qppo-ac-simple_reuploading-qlr2.5e-3-(72-params),simple_reuploading,10
0.00025,0.0025,56.97833251953125,-0.010531457141041756,0.6205815076828003,28.472429275512695,-0.001904329052194953,0.0006384424632415175,0.0,0.05811202526092529,2,1,54272,CartPole-v1,CP-qppo-ac-simple_reuploading-qlr2.5e-3-(72-params),simple_reuploading,10
0.00025,0.0025,51.27085876464844,-0.009935177862644196,0.5947151780128479,25.61954689025879,0.009920258074998856,0.0035038015339523554,0.00439453125,0.14685451984405518,2,1,54784,CartPole-v1,CP-qppo-ac-simple_reuploading-qlr2.5e-3-(72-params),simple_reuploading,10
0.00025,0.0025,52.072120666503906,-0.013344544917345047,0.5851014256477356,26.016864776611328,0.003051751758903265,0.001675117528066039,0.00146484375,0.11615514755249023,2,1,55296,CartPole-v1,CP-qppo-ac-simple_reuploading-qlr2.5e-3-(72-params),simple_reuploading,10
0.00025,0.0025,54.32383728027344,-0.003987843170762062,0.6008754968643188,27.15192222595215,0.0012323823757469654,0.0016029976541176438,0.001953125,0.12247335910797119,2,1,55808,CartPole-v1,CP-qppo-ac-simple_reuploading-qlr2.5e-3-(72-params),simple_reuploading,10
0.00025,0.0025,49.35466766357422,-0.001248062588274479,0.6017467975616455,24.670068740844727,-0.0008702820632606745,0.0007328434730879962,0.001953125,0.05001407861709595,2,1,56320,CartPole-v1,CP-qppo-ac-simple_reuploading-qlr2.5e-3-(72-params),simple_reuploading,10
0.00025,0.0025,57.17562484741211,-0.014667151495814323,0.6286107301712036,28.566858291625977,-0.005078503862023354,0.0045400625094771385,0.005859375,0.10914170742034912,2,1,56832,CartPole-v1,CP-qppo-ac-simple_reuploading-qlr2.5e-3-(72-params),simple_reuploading,10
0.00025,0.0025,45.52656936645508,-0.013886058703064919,0.612392246723175,22.743274688720703,0.0020916303619742393,0.0024185501970350742,0.00390625,0.04251939058303833,2,1,57344,CartPole-v1,CP-qppo-ac-simple_reuploading-qlr2.5e-3-(72-params),simple_reuploading,10
0.00025,0.0025,46.97822570800781,-0.009629933163523674,0.6277328729629517,23.47320556640625,-0.0006779059767723083,0.0009723746334202588,0.00341796875,-0.007342219352722168,2,1,57856,CartPole-v1,CP-qppo-ac-simple_reuploading-qlr2.5e-3-(72-params),simple_reuploading,10
0.00025,0.0025,58.58286666870117,-0.014609299600124359,0.6054607629776001,29.270769119262695,-0.0014074533246457577,0.001386461895890534,0.00048828125,0.10561704635620117,2,1,58368,CartPole-v1,CP-qppo-ac-simple_reuploading-qlr2.5e-3-(72-params),simple_reuploading,10
0.00025,0.0025,43.225868225097656,-0.010484069585800171,0.6126673817634583,21.596323013305664,0.004455077461898327,0.0016546430997550488,0.0029296875,0.13700103759765625,2,1,58880,CartPole-v1,CP-qppo-ac-simple_reuploading-qlr2.5e-3-(72-params),simple_reuploading,10
0.00025,0.0025,44.165000915527344,-0.023948784917593002,0.5965724587440491,22.05258560180664,0.011322079226374626,0.0036593046970665455,0.00830078125,0.029865682125091553,2,1,59392,CartPole-v1,CP-qppo-ac-simple_reuploading-qlr2.5e-3-(72-params),simple_reuploading,10
0.00025,0.0025,50.92923355102539,-0.00457996129989624,0.605193018913269,25.4539852142334,0.004033967852592468,0.001383138122037053,0.00439453125,0.09468185901641846,2,1,59904,CartPole-v1,CP-qppo-ac-simple_reuploading-qlr2.5e-3-(72-params),simple_reuploading,10
0.00025,0.0025,48.47329330444336,-0.007618129253387451,0.6153659820556641,24.222875595092773,0.00041946955025196075,0.0018126252107322216,0.0009765625,-0.0003116130828857422,2,1,60416,CartPole-v1,CP-qppo-ac-simple_reuploading-qlr2.5e-3-(72-params),simple_reuploading,10
0.00025,0.0025,72.1199951171875,-0.01692749559879303,0.5939860343933105,36.03712844848633,0.008374959230422974,0.0024225027300417423,0.00146484375,-0.00386810302734375,2,1,60928,CartPole-v1,CP-qppo-ac-simple_reuploading-qlr2.5e-3-(72-params),simple_reuploading,10
0.00025,0.0025,44.14466094970703,-0.01664404571056366,0.6106261014938354,22.049579620361328,0.009519613347947598,0.00198452640324831,0.00390625,0.16001063585281372,2,1,61440,CartPole-v1,CP-qppo-ac-simple_reuploading-qlr2.5e-3-(72-params),simple_reuploading,10
0.00025,0.0025,41.581565856933594,0.0009012334048748016,0.6090593338012695,20.785593032836914,-0.0014607367338612676,0.0008367042173631489,0.0,0.5641748011112213,2,1,61952,CartPole-v1,CP-qppo-ac-simple_reuploading-qlr2.5e-3-(72-params),simple_reuploading,10
0.00025,0.0025,57.45025634765625,-0.001195508986711502,0.6032753586769104,28.717899322509766,0.0016332825180143118,0.0019844966009259224,0.00390625,0.12415856122970581,2,1,62464,CartPole-v1,CP-qppo-ac-simple_reuploading-qlr2.5e-3-(72-params),simple_reuploading,10
0.00025,0.0025,50.21578598022461,-0.014729656279087067,0.5941103100776672,25.087223052978516,-0.0015518518630415201,0.0020554454531520605,0.001953125,0.2852305769920349,2,1,62976,CartPole-v1,CP-qppo-ac-simple_reuploading-qlr2.5e-3-(72-params),simple_reuploading,10
0.00025,0.0025,50.61962127685547,-0.017550544813275337,0.5906129479408264,25.286354064941406,0.008994878269731998,0.002335484605282545,0.00341796875,0.24395692348480225,2,1,63488,CartPole-v1,CP-qppo-ac-simple_reuploading-qlr2.5e-3-(72-params),simple_reuploading,10
0.00025,0.0025,52.11396789550781,-0.0034241490066051483,0.6089652180671692,26.047470092773438,-0.0006367904134094715,0.0007304308237507939,0.00146484375,-0.0006362199783325195,2,1,64000,CartPole-v1,CP-qppo-ac-simple_reuploading-qlr2.5e-3-(72-params),simple_reuploading,10
0.00025,0.0025,38.446224212646484,-0.004354276694357395,0.6249412298202515,19.212509155273438,0.0006235099863260984,0.0006128738168627024,0.0,0.46627968549728394,2,1,64512,CartPole-v1,CP-qppo-ac-simple_reuploading-qlr2.5e-3-(72-params),simple_reuploading,10
0.00025,0.0025,55.56639099121094,-0.004310648888349533,0.5796067714691162,27.773088455200195,0.028755556792020798,0.010694311931729317,0.03564453125,0.027904510498046875,2,1,65024,CartPole-v1,CP-qppo-ac-simple_reuploading-qlr2.5e-3-(72-params),simple_reuploading,10
0.00025,0.0025,54.45976638793945,-0.01860673353075981,0.5817803144454956,27.205459594726562,0.008538199588656425,0.004230155143886805,0.01123046875,0.12396562099456787,2,1,65536,CartPole-v1,CP-qppo-ac-simple_reuploading-qlr2.5e-3-(72-params),simple_reuploading,10
0.00025,0.0025,50.521121978759766,-0.0009910417720675468,0.5933868885040283,25.25363540649414,0.0048426175490021706,0.0004576838109642267,0.00048828125,0.06327420473098755,2,1,66048,CartPole-v1,CP-qppo-ac-simple_reuploading-qlr2.5e-3-(72-params),simple_reuploading,10
0.00025,0.0025,48.78391647338867,0.0030350484885275364,0.6002750992774963,24.38899040222168,-0.0012180746998637915,0.0016709000337868929,0.0,-0.013588190078735352,2,1,66560,CartPole-v1,CP-qppo-ac-simple_reuploading-qlr2.5e-3-(72-params),simple_reuploading,10
0.00025,0.0025,59.02796173095703,-0.008470319211483002,0.5783655643463135,29.499727249145508,0.0053696054965257645,0.0007175792707130313,0.00048828125,0.07494175434112549,2,1,67072,CartPole-v1,CP-qppo-ac-simple_reuploading-qlr2.5e-3-(72-params),simple_reuploading,10
0.00025,0.0025,62.43876647949219,-0.0033535445109009743,0.5980320572853088,31.21004867553711,0.0018347406294196844,0.0012086727656424046,0.0029296875,0.05909430980682373,2,1,67584,CartPole-v1,CP-qppo-ac-simple_reuploading-qlr2.5e-3-(72-params),simple_reuploading,10
0.00025,0.0025,60.85990905761719,-0.02237195521593094,0.5767142176628113,30.40181541442871,-0.0015214144950732589,0.005575592629611492,0.009765625,0.022918224334716797,2,1,68096,CartPole-v1,CP-qppo-ac-simple_reuploading-qlr2.5e-3-(72-params),simple_reuploading,10
0.00025,0.0025,50.50196075439453,-0.00042765960097312927,0.6027067303657532,25.244525909423828,-0.007372079882770777,0.001374350511468947,0.00341796875,-0.00676119327545166,2,1,68608,CartPole-v1,CP-qppo-ac-simple_reuploading-qlr2.5e-3-(72-params),simple_reuploading,10
0.00025,0.0025,55.396366119384766,-0.010799375362694263,0.6044373512268066,27.681339263916016,0.004594470839947462,0.0007045972743071616,0.0,0.012483477592468262,2,1,69120,CartPole-v1,CP-qppo-ac-simple_reuploading-qlr2.5e-3-(72-params),simple_reuploading,10
0.00025,0.0025,68.25138854980469,-0.00527625298127532,0.6112703680992126,34.11430358886719,-0.005354986060410738,0.0016920046182349324,0.00146484375,-0.0056247711181640625,2,1,69632,CartPole-v1,CP-qppo-ac-simple_reuploading-qlr2.5e-3-(72-params),simple_reuploading,10
0.00025,0.0025,48.44862365722656,0.0018499232828617096,0.5950425267219543,24.220211029052734,3.49896727129817e-05,0.0009395230445079505,0.0,0.03047466278076172,2,1,70144,CartPole-v1,CP-qppo-ac-simple_reuploading-qlr2.5e-3-(72-params),simple_reuploading,10
0.00025,0.0025,67.10283660888672,-0.008293967694044113,0.6240861415863037,33.53688430786133,0.0007198689272627234,0.0011466576252132654,0.0,0.0003038644790649414,2,1,70656,CartPole-v1,CP-qppo-ac-simple_reuploading-qlr2.5e-3-(72-params),simple_reuploading,10
0.00025,0.0025,45.358673095703125,-0.0024426765739917755,0.6106732487678528,22.670787811279297,-1.1120981071144342e-05,0.0007438900647684932,0.0,-0.007766127586364746,2,1,71168,CartPole-v1,CP-qppo-ac-simple_reuploading-qlr2.5e-3-(72-params),simple_reuploading,10
0.00025,0.0025,56.53446960449219,-0.00323689728975296,0.6106551289558411,28.257890701293945,-0.0019738536793738604,0.0015333385672420263,0.0009765625,-0.004659891128540039,2,1,71680,CartPole-v1,CP-qppo-ac-simple_reuploading-qlr2.5e-3-(72-params),simple_reuploading,10
0.00025,0.0025,54.55580139160156,-0.011978091672062874,0.6032824516296387,27.259889602661133,0.0019248959142714739,0.0025342381559312344,0.00048828125,-0.011905908584594727,2,1,72192,CartPole-v1,CP-qppo-ac-simple_reuploading-qlr2.5e-3-(72-params),simple_reuploading,10
0.00025,0.0025,74.058349609375,-0.011621814221143723,0.6075683236122131,37.011478424072266,0.00930995773524046,0.002477305941283703,0.0029296875,0.0738227367401123,2,1,72704,CartPole-v1,CP-qppo-ac-simple_reuploading-qlr2.5e-3-(72-params),simple_reuploading,10
0.00025,0.0025,52.6334114074707,-0.0234850961714983,0.6021798253059387,26.287199020385742,0.024090511724352837,0.005698750261217356,0.0107421875,0.04759186506271362,2,1,73216,CartPole-v1,CP-qppo-ac-simple_reuploading-qlr2.5e-3-(72-params),simple_reuploading,10
0.00025,0.0025,59.33860778808594,-0.013820246793329716,0.6112026572227478,29.649372100830078,0.010391134768724442,0.004032813012599945,0.00244140625,0.1359342336654663,2,1,73728,CartPole-v1,CP-qppo-ac-simple_reuploading-qlr2.5e-3-(72-params),simple_reuploading,10
0.00025,0.0025,62.42499923706055,-0.004456419497728348,0.6002829074859619,31.20203971862793,0.007404744159430265,0.004450398962944746,0.01171875,0.11171656847000122,2,1,74240,CartPole-v1,CP-qppo-ac-simple_reuploading-qlr2.5e-3-(72-params),simple_reuploading,10
0.00025,0.0025,59.27497863769531,-0.005946390330791473,0.6275937557220459,29.625267028808594,0.0014634095132350922,0.0023366266395896673,0.0029296875,0.153827965259552,2,1,74752,CartPole-v1,CP-qppo-ac-simple_reuploading-qlr2.5e-3-(72-params),simple_reuploading,10
0.00025,0.0025,49.2509880065918,-0.0016119815409183502,0.5916950702667236,24.617965698242188,0.0012788038002327085,0.006115356460213661,0.013671875,0.1887027621269226,2,1,75264,CartPole-v1,CP-qppo-ac-simple_reuploading-qlr2.5e-3-(72-params),simple_reuploading,10
0.00025,0.0025,50.94837951660156,-0.004389207810163498,0.5934033393859863,25.4638671875,0.0003263705293647945,0.0010310413781553507,0.0048828125,0.19528740644454956,2,1,75776,CartPole-v1,CP-qppo-ac-simple_reuploading-qlr2.5e-3-(72-params),simple_reuploading,10
0.00025,0.0025,36.23566436767578,-0.014374123886227608,0.6258769035339355,18.097198486328125,7.805274799466133e-05,0.0010591628961265087,0.0,0.7010491490364075,2,1,76288,CartPole-v1,CP-qppo-ac-simple_reuploading-qlr2.5e-3-(72-params),simple_reuploading,10
0.00025,0.0025,45.50563430786133,-0.007541332393884659,0.6047868132591248,22.739227294921875,0.003623491618782282,0.0010325233452022076,0.00048828125,0.3878031373023987,2,1,76800,CartPole-v1,CP-qppo-ac-simple_reuploading-qlr2.5e-3-(72-params),simple_reuploading,10
0.00025,0.0025,31.299423217773438,-0.00949198566377163,0.6178768873214722,15.634040832519531,0.0062607103027403355,0.0010128268040716648,0.0009765625,0.8202408850193024,2,1,77312,CartPole-v1,CP-qppo-ac-simple_reuploading-qlr2.5e-3-(72-params),simple_reuploading,10
0.00025,0.0025,52.530914306640625,0.00508454255759716,0.6113582849502563,26.264427185058594,-0.0029070114251226187,0.0011488778982311487,0.0048828125,0.658378928899765,2,1,77824,CartPole-v1,CP-qppo-ac-simple_reuploading-qlr2.5e-3-(72-params),simple_reuploading,10
0.00025,0.0025,22.086196899414062,-0.012285061180591583,0.6358353495597839,11.024455070495605,-0.0031160612124949694,0.0010588278528302908,0.0009765625,0.9463146030902863,2,1,78336,CartPole-v1,CP-qppo-ac-simple_reuploading-qlr2.5e-3-(72-params),simple_reuploading,10
0.00025,0.0025,46.69114303588867,-0.009167147800326347,0.59624183177948,23.330442428588867,0.014012100175023079,0.0021170899271965027,0.00732421875,0.47423017024993896,2,1,78848,CartPole-v1,CP-qppo-ac-simple_reuploading-qlr2.5e-3-(72-params),simple_reuploading,10
0.00025,0.0025,35.34629440307617,0.0003119148313999176,0.6020466685295105,17.667438507080078,-0.0026352626737207174,0.0006080034072510898,0.0,0.6453611850738525,2,1,79360,CartPole-v1,CP-qppo-ac-simple_reuploading-qlr2.5e-3-(72-params),simple_reuploading,10
0.00025,0.0025,57.117130279541016,-0.011807420291006565,0.6148919463157654,28.54060935974121,-0.0020516531076282263,0.00451233796775341,0.01220703125,0.5393494367599487,2,1,79872,CartPole-v1,CP-qppo-ac-simple_reuploading-qlr2.5e-3-(72-params),simple_reuploading,10
0.00025,0.0025,48.79893493652344,-0.01570187136530876,0.5917598009109497,24.37784767150879,0.0033781533129513264,0.0022766455076634884,0.00390625,0.38823217153549194,2,1,80384,CartPole-v1,CP-qppo-ac-simple_reuploading-qlr2.5e-3-(72-params),simple_reuploading,10
0.00025,0.0025,49.37294006347656,-0.013336306437849998,0.6160157918930054,24.666973114013672,0.015309584327042103,0.004221676383167505,0.00634765625,0.6510966420173645,2,1,80896,CartPole-v1,CP-qppo-ac-simple_reuploading-qlr2.5e-3-(72-params),simple_reuploading,10
0.00025,0.0025,25.119413375854492,-0.008792657405138016,0.6095191240310669,12.544818878173828,0.012871852144598961,0.0025960211642086506,0.0048828125,0.7720760852098465,2,1,81408,CartPole-v1,CP-qppo-ac-simple_reuploading-qlr2.5e-3-(72-params),simple_reuploading,10
0.00025,0.0025,53.83786392211914,-0.012990765273571014,0.5820945501327515,26.90011978149414,0.013401541858911514,0.0015643807128071785,0.00048828125,0.45358383655548096,2,1,81920,CartPole-v1,CP-qppo-ac-simple_reuploading-qlr2.5e-3-(72-params),simple_reuploading,10
0.00025,0.0025,45.60905838012695,-0.019286474213004112,0.577046275138855,22.77947235107422,0.0067716119810938835,0.007974693551659584,0.0244140625,0.3683398962020874,2,1,82432,CartPole-v1,CP-qppo-ac-simple_reuploading-qlr2.5e-3-(72-params),simple_reuploading,10
0.00025,0.0025,44.66145324707031,-0.006812423467636108,0.5787539482116699,22.318126678466797,0.010800628922879696,0.0038241432048380375,0.0146484375,0.507056474685669,2,1,82944,CartPole-v1,CP-qppo-ac-simple_reuploading-qlr2.5e-3-(72-params),simple_reuploading,10
0.00025,0.0025,54.83256149291992,0.0029749050736427307,0.5737347602844238,27.41351890563965,0.0022426918148994446,0.002238852670416236,0.00341796875,0.043150365352630615,2,1,83456,CartPole-v1,CP-qppo-ac-simple_reuploading-qlr2.5e-3-(72-params),simple_reuploading,10
0.00025,0.0025,53.38393783569336,-0.009567927569150925,0.5817022323608398,26.676584243774414,0.00153023237362504,0.0017706514336168766,0.001953125,-0.026595473289489746,2,1,83968,CartPole-v1,CP-qppo-ac-simple_reuploading-qlr2.5e-3-(72-params),simple_reuploading,10
0.00025,0.0025,41.737545013427734,0.0031813159584999084,0.5800585746765137,20.866153717041016,0.0018777588848024607,0.001300264149904251,0.0,0.34756404161453247,2,1,84480,CartPole-v1,CP-qppo-ac-simple_reuploading-qlr2.5e-3-(72-params),simple_reuploading,10
0.00025,0.0025,47.95743179321289,-0.011787345632910728,0.6180021166801453,23.96074867248535,-0.0013584744883701205,0.0033271522261202335,0.00341796875,0.5533747971057892,2,1,84992,CartPole-v1,CP-qppo-ac-simple_reuploading-qlr2.5e-3-(72-params),simple_reuploading,10
0.00025,0.0025,44.475006103515625,-0.01434655487537384,0.6281259655952454,22.216875076293945,-0.0043849823996424675,0.0016450013499706984,0.0009765625,0.5612355172634125,2,1,85504,CartPole-v1,CP-qppo-ac-simple_reuploading-qlr2.5e-3-(72-params),simple_reuploading,10
0.00025,0.0025,31.335206985473633,-0.015476174652576447,0.5987553596496582,15.646140098571777,0.025001851841807365,0.007446816191077232,0.02197265625,0.5058342814445496,2,1,86016,CartPole-v1,CP-qppo-ac-simple_reuploading-qlr2.5e-3-(72-params),simple_reuploading,10
0.00025,0.0025,73.27582550048828,-0.015337062068283558,0.5611277222633362,36.616966247558594,-0.0014485910069197416,0.00241740676574409,0.0029296875,0.15703850984573364,2,1,86528,CartPole-v1,CP-qppo-ac-simple_reuploading-qlr2.5e-3-(72-params),simple_reuploading,10
0.00025,0.0025,43.56802749633789,-0.02345369942486286,0.5627734661102295,21.754932403564453,0.0016000049654394388,0.004386124666780233,0.0078125,0.025414705276489258,2,1,87040,CartPole-v1,CP-qppo-ac-simple_reuploading-qlr2.5e-3-(72-params),simple_reuploading,10
0.00025,0.0025,47.834957122802734,-0.0033279284834861755,0.6016222834587097,23.90813446044922,0.012422965839505196,0.0010157465003430843,0.00244140625,0.6643983125686646,2,1,87552,CartPole-v1,CP-qppo-ac-simple_reuploading-qlr2.5e-3-(72-params),simple_reuploading,10
0.00025,0.0025,41.91893768310547,-0.010418934747576714,0.6054520010948181,20.942995071411133,-0.002302774228155613,0.001213929965160787,0.0,0.1385788917541504,2,1,88064,CartPole-v1,CP-qppo-ac-simple_reuploading-qlr2.5e-3-(72-params),simple_reuploading,10
0.00025,0.0025,79.93914794921875,-0.0028194040060043335,0.5969496965408325,39.960784912109375,-0.004626557696610689,0.0009456198895350099,0.00048828125,0.05241847038269043,2,1,88576,CartPole-v1,CP-qppo-ac-simple_reuploading-qlr2.5e-3-(72-params),simple_reuploading,10
0.00025,0.0025,58.472503662109375,-0.002823473885655403,0.591363251209259,29.227514266967773,0.006983067840337753,0.002506358316168189,0.001953125,0.0009500384330749512,2,1,89088,CartPole-v1,CP-qppo-ac-simple_reuploading-qlr2.5e-3-(72-params),simple_reuploading,10
0.00025,0.0025,73.19695281982422,-0.01176269631832838,0.5911678075790405,36.58080291748047,-0.00020782684441655874,0.0014492712216451764,0.001953125,0.061543822288513184,2,1,89600,CartPole-v1,CP-qppo-ac-simple_reuploading-qlr2.5e-3-(72-params),simple_reuploading,10
0.00025,0.0025,82.75651550292969,-0.007353231310844421,0.6069222688674927,41.36483383178711,0.0008833513129502535,0.002149128122255206,0.00146484375,0.1410452127456665,2,1,90112,CartPole-v1,CP-qppo-ac-simple_reuploading-qlr2.5e-3-(72-params),simple_reuploading,10
0.00025,0.0025,69.4018325805664,-0.00932721234858036,0.6054404973983765,34.6855354309082,0.002195190405473113,0.0033168739173561335,0.00830078125,0.05517745018005371,2,1,90624,CartPole-v1,CP-qppo-ac-simple_reuploading-qlr2.5e-3-(72-params),simple_reuploading,10
0.00025,0.0025,77.40223693847656,-0.01686142012476921,0.5843279361724854,38.67841339111328,0.004820935893803835,0.0032793008722364902,0.00830078125,0.16556668281555176,2,1,91136,CartPole-v1,CP-qppo-ac-simple_reuploading-qlr2.5e-3-(72-params),simple_reuploading,10
0.00025,0.0025,65.49172973632812,-0.006985746324062347,0.6026418209075928,32.732852935791016,0.0025132049340754747,0.002058881102129817,0.0029296875,0.3209737539291382,2,1,91648,CartPole-v1,CP-qppo-ac-simple_reuploading-qlr2.5e-3-(72-params),simple_reuploading,10
0.00025,0.0025,34.025848388671875,-0.011314041912555695,0.6084451675415039,16.995525360107422,-0.0038042785599827766,0.0027612014673650265,0.00146484375,0.6587154567241669,2,1,92160,CartPole-v1,CP-qppo-ac-simple_reuploading-qlr2.5e-3-(72-params),simple_reuploading,10
0.00025,0.0025,33.29932403564453,-0.011970371007919312,0.6122589111328125,16.631568908691406,0.00195021228864789,0.00210185581818223,0.001953125,0.593341201543808,2,1,92672,CartPole-v1,CP-qppo-ac-simple_reuploading-qlr2.5e-3-(72-params),simple_reuploading,10
0.00025,0.0025,30.880224227905273,0.00033477693796157837,0.6021326780319214,15.434425354003906,0.00950151402503252,0.001286091050133109,0.00048828125,0.6918685436248779,2,1,93184,CartPole-v1,CP-qppo-ac-simple_reuploading-qlr2.5e-3-(72-params),simple_reuploading,10
0.00025,0.0025,36.22724151611328,-0.007200932130217552,0.6049200296401978,18.100370407104492,0.0004893256700597703,0.001211934257298708,0.0009765625,0.4941200613975525,2,1,93696,CartPole-v1,CP-qppo-ac-simple_reuploading-qlr2.5e-3-(72-params),simple_reuploading,10
0.00025,0.0025,44.78044128417969,-0.02660190314054489,0.5965222120285034,22.35765266418457,0.014192355796694756,0.0027317339554429054,0.005859375,0.4323146939277649,2,1,94208,CartPole-v1,CP-qppo-ac-simple_reuploading-qlr2.5e-3-(72-params),simple_reuploading,10
0.00025,0.0025,42.58293533325195,-0.007671691477298737,0.6276922225952148,21.27751922607422,0.001438736915588379,0.0010451432317495346,0.0,0.6656395196914673,2,1,94720,CartPole-v1,CP-qppo-ac-simple_reuploading-qlr2.5e-3-(72-params),simple_reuploading,10
0.00025,0.0025,38.061683654785156,-0.008201170712709427,0.5853526592254639,19.016786575317383,0.00019606971181929111,0.0033997271675616503,0.00732421875,0.5587292313575745,2,1,95232,CartPole-v1,CP-qppo-ac-simple_reuploading-qlr2.5e-3-(72-params),simple_reuploading,10
0.00025,0.0025,21.693758010864258,-0.01170152984559536,0.586216151714325,10.829315185546875,0.013663455843925476,0.003509845118969679,0.00634765625,0.8673750162124634,2,1,95744,CartPole-v1,CP-qppo-ac-simple_reuploading-qlr2.5e-3-(72-params),simple_reuploading,10
0.00025,0.0025,47.468040466308594,-0.0033260686323046684,0.617661714553833,23.724517822265625,0.003968463279306889,0.0006110005779191852,0.0,0.746648758649826,2,1,96256,CartPole-v1,CP-qppo-ac-simple_reuploading-qlr2.5e-3-(72-params),simple_reuploading,10
0.00025,0.0025,31.505687713623047,-0.006593046709895134,0.5882463455200195,15.740367889404297,0.0019663050770759583,0.0006788449827581644,0.00048828125,0.6926407814025879,2,1,96768,CartPole-v1,CP-qppo-ac-simple_reuploading-qlr2.5e-3-(72-params),simple_reuploading,10
0.00025,0.0025,43.93109893798828,-0.0036537162959575653,0.5885363817214966,21.956010818481445,-0.0023970268666744232,0.0008399708895012736,0.0,0.5787172615528107,2,1,97280,CartPole-v1,CP-qppo-ac-simple_reuploading-qlr2.5e-3-(72-params),simple_reuploading,10
0.00025,0.0025,24.1673583984375,-0.009162833914160728,0.6004416942596436,12.068511962890625,-0.006920462939888239,0.0017016180790960789,0.00927734375,0.7070132791996002,2,1,97792,CartPole-v1,CP-qppo-ac-simple_reuploading-qlr2.5e-3-(72-params),simple_reuploading,10
0.00025,0.0025,57.447113037109375,-0.002980867400765419,0.5837252140045166,28.714738845825195,-0.00044631538912653923,0.0012181447818875313,0.00390625,0.2529519200325012,2,1,98304,CartPole-v1,CP-qppo-ac-simple_reuploading-qlr2.5e-3-(72-params),simple_reuploading,10
0.00025,0.0025,37.418373107910156,-0.013310179114341736,0.5694566369056702,18.690181732177734,0.013166021555662155,0.005409486126154661,0.009765625,0.43042707443237305,2,1,98816,CartPole-v1,CP-qppo-ac-simple_reuploading-qlr2.5e-3-(72-params),simple_reuploading,10
0.00025,0.0025,47.5697021484375,-0.013676613569259644,0.5840527415275574,23.76533317565918,0.009978298097848892,0.0016052091959863901,0.0048828125,0.3598134517669678,2,1,99328,CartPole-v1,CP-qppo-ac-simple_reuploading-qlr2.5e-3-(72-params),simple_reuploading,10
0.00025,0.0025,26.32627296447754,-0.0005782544612884521,0.5929384231567383,13.156628608703613,0.005600043572485447,0.0006696017226204276,0.0,0.9061597436666489,2,1,99840,CartPole-v1,CP-qppo-ac-simple_reuploading-qlr2.5e-3-(72-params),simple_reuploading,10
0.00025,0.0025,78.73128509521484,-0.009757906198501587,0.5785490274429321,39.35009765625,0.0022002027835696936,0.0018015110399574041,0.0029296875,0.128007173538208,2,1,100352,CartPole-v1,CP-qppo-ac-simple_reuploading-qlr2.5e-3-(72-params),simple_reuploading,10
0.00025,0.0025,41.91215133666992,-0.004459358751773834,0.5636178255081177,20.945980072021484,0.011972138658165932,0.0032564906869083643,0.0068359375,0.09135943651199341,2,1,100864,CartPole-v1,CP-qppo-ac-simple_reuploading-qlr2.5e-3-(72-params),simple_reuploading,10
0.00025,0.0025,38.58135986328125,0.003621472977101803,0.5681480765342712,19.288619995117188,0.002044839086011052,0.0005559368873946369,0.0,0.03207367658615112,2,1,101376,CartPole-v1,CP-qppo-ac-simple_reuploading-qlr2.5e-3-(72-params),simple_reuploading,10
0.00025,0.0025,84.78392028808594,-0.0009289123117923737,0.5767284035682678,42.3852653503418,-0.0059085446409881115,0.002994535956531763,0.0029296875,0.09999239444732666,2,1,101888,CartPole-v1,CP-qppo-ac-simple_reuploading-qlr2.5e-3-(72-params),simple_reuploading,10
0.00025,0.0025,46.891632080078125,-0.012396346777677536,0.5971479415893555,23.427448272705078,0.0056947520934045315,0.0009921436430886388,0.0,0.24720877408981323,2,1,102400,CartPole-v1,CP-qppo-ac-simple_reuploading-qlr2.5e-3-(72-params),simple_reuploading,10
0.00025,0.0025,66.16751861572266,-0.0004852842539548874,0.5773016810417175,33.07749938964844,0.0022062920033931732,0.0007834603311493993,0.00048828125,0.06974691152572632,2,1,102912,CartPole-v1,CP-qppo-ac-simple_reuploading-qlr2.5e-3-(72-params),simple_reuploading,10
0.00025,0.0025,80.3448715209961,-0.00817389041185379,0.5441688299179077,40.15882110595703,-0.007164718117564917,0.0014620176516473293,0.00244140625,0.2113094925880432,2,1,103424,CartPole-v1,CP-qppo-ac-simple_reuploading-qlr2.5e-3-(72-params),simple_reuploading,10
0.00025,0.0025,46.76701354980469,-0.011913016438484192,0.5639932751655579,23.36595344543457,0.009529910050332546,0.005395824555307627,0.0087890625,0.11696135997772217,2,1,103936,CartPole-v1,CP-qppo-ac-simple_reuploading-qlr2.5e-3-(72-params),simple_reuploading,10
0.00025,0.0025,55.688392639160156,-0.015172451734542847,0.5764115452766418,27.823259353637695,0.009539555758237839,0.002482436131685972,0.00146484375,0.38555848598480225,2,1,104448,CartPole-v1,CP-qppo-ac-simple_reuploading-qlr2.5e-3-(72-params),simple_reuploading,10
0.00025,0.0025,78.98075103759766,-0.010968085378408432,0.5854201316833496,39.47355270385742,-0.006683813873678446,0.0024479422718286514,0.01513671875,0.12761527299880981,2,1,104960,CartPole-v1,CP-qppo-ac-simple_reuploading-qlr2.5e-3-(72-params),simple_reuploading,10
0.00025,0.0025,25.66319465637207,-0.007248431444168091,0.5962567329406738,12.81838607788086,0.002055678516626358,0.0022869566455483437,0.0029296875,-0.052793264389038086,2,1,105472,CartPole-v1,CP-qppo-ac-simple_reuploading-qlr2.5e-3-(72-params),simple_reuploading,10
0.00025,0.0025,66.31353759765625,-0.0079234279692173,0.6017313599586487,33.14282989501953,-0.0034102650824934244,0.0007301901932805777,0.0,0.15073859691619873,2,1,105984,CartPole-v1,CP-qppo-ac-simple_reuploading-qlr2.5e-3-(72-params),simple_reuploading,10
0.00025,0.0025,32.153053283691406,-0.005519658327102661,0.6039088368415833,16.06496810913086,0.0022609347943216562,0.0017730550607666373,0.00390625,0.20190012454986572,2,1,106496,CartPole-v1,CP-qppo-ac-simple_reuploading-qlr2.5e-3-(72-params),simple_reuploading,10
0.00025,0.0025,54.01231384277344,-0.014786208048462868,0.5817111134529114,26.985553741455078,0.0025236252695322037,0.008995984680950642,0.02783203125,0.13684087991714478,2,1,107008,CartPole-v1,CP-qppo-ac-simple_reuploading-qlr2.5e-3-(72-params),simple_reuploading,10
0.00025,0.0025,68.17422485351562,-0.01361863873898983,0.5747679471969604,34.067745208740234,0.0028778379783034325,0.0028778219129890203,0.00341796875,0.2468748688697815,2,1,107520,CartPole-v1,CP-qppo-ac-simple_reuploading-qlr2.5e-3-(72-params),simple_reuploading,10
0.00025,0.0025,83.17603302001953,-0.03109162300825119,0.6067392230033875,41.55085754394531,0.00695034908130765,0.006606988608837128,0.02587890625,0.4082645773887634,2,1,108032,CartPole-v1,CP-qppo-ac-simple_reuploading-qlr2.5e-3-(72-params),simple_reuploading,10
0.00025,0.0025,44.36174011230469,-0.01851324550807476,0.5872904658317566,22.156484603881836,0.01359864417463541,0.003988252952694893,0.01025390625,0.2333669662475586,2,1,108544,CartPole-v1,CP-qppo-ac-simple_reuploading-qlr2.5e-3-(72-params),simple_reuploading,10
0.00025,0.0025,87.43175506591797,-0.016072528436779976,0.5682953000068665,43.694122314453125,0.002058629412204027,0.0071071721613407135,0.021484375,0.13394403457641602,2,1,109056,CartPole-v1,CP-qppo-ac-simple_reuploading-qlr2.5e-3-(72-params),simple_reuploading,10
0.00025,0.0025,53.540462493896484,-0.011798767372965813,0.5991300344467163,26.75244140625,-0.005385872907936573,0.0018059159629046917,0.00439453125,0.22760701179504395,2,1,109568,CartPole-v1,CP-qppo-ac-simple_reuploading-qlr2.5e-3-(72-params),simple_reuploading,10
0.00025,0.0025,50.044124603271484,-0.002773784101009369,0.6107310652732849,25.013181686401367,-0.0006419796263799071,0.0007271881913766265,0.0,0.260780930519104,2,1,110080,CartPole-v1,CP-qppo-ac-simple_reuploading-qlr2.5e-3-(72-params),simple_reuploading,10
0.00025,0.0025,52.530738830566406,-0.015067663043737411,0.6010610461235046,26.244291305541992,0.006927776150405407,0.0021038129925727844,0.0029296875,0.3068649172782898,2,1,110592,CartPole-v1,CP-qppo-ac-simple_reuploading-qlr2.5e-3-(72-params),simple_reuploading,10
0.00025,0.0025,55.028751373291016,-0.00424569845199585,0.5949571132659912,27.504180908203125,-0.0012191124260425568,0.0006833991501480341,0.00048828125,0.34002649784088135,2,1,111104,CartPole-v1,CP-qppo-ac-simple_reuploading-qlr2.5e-3-(72-params),simple_reuploading,10
0.00025,0.0025,31.317466735839844,-0.011138679459691048,0.6033008694648743,15.641561508178711,0.014430258423089981,0.0018254495225846767,0.005859375,0.5385981798171997,2,1,111616,CartPole-v1,CP-qppo-ac-simple_reuploading-qlr2.5e-3-(72-params),simple_reuploading,10
0.00025,0.0025,59.822967529296875,-0.009099386632442474,0.6159766912460327,29.896224975585938,0.00197223131544888,0.0005940374685451388,0.0,0.6602473258972168,2,1,112128,CartPole-v1,CP-qppo-ac-simple_reuploading-qlr2.5e-3-(72-params),simple_reuploading,10
0.00025,0.0025,46.28275680541992,0.0006162039935588837,0.5802597403526306,23.136192321777344,0.0055136061273515224,0.004493781831115484,0.02197265625,0.3149340748786926,2,1,112640,CartPole-v1,CP-qppo-ac-simple_reuploading-qlr2.5e-3-(72-params),simple_reuploading,10
0.00025,0.0025,64.3551025390625,-0.006264969706535339,0.6159517168998718,32.16512680053711,0.005882709287106991,0.0019177438225597143,0.0009765625,0.41326361894607544,2,1,113152,CartPole-v1,CP-qppo-ac-simple_reuploading-qlr2.5e-3-(72-params),simple_reuploading,10
0.00025,0.0025,30.937515258789062,-0.02276177704334259,0.5707791447639465,15.440287590026855,3.0351337045431137e-05,0.0018553859554231167,0.00390625,0.6735680401325226,2,1,113664,CartPole-v1,CP-qppo-ac-simple_reuploading-qlr2.5e-3-(72-params),simple_reuploading,10
0.00025,0.0025,74.34346008300781,-0.012973793782293797,0.6015011668205261,37.152740478515625,0.005129994358867407,0.0016344686737284064,0.00439453125,0.30190831422805786,2,1,114176,CartPole-v1,CP-qppo-ac-simple_reuploading-qlr2.5e-3-(72-params),simple_reuploading,10
0.00025,0.0025,57.710479736328125,-0.013851964846253395,0.5716888904571533,28.835670471191406,0.010036945343017578,0.0026387637481093407,0.0068359375,0.5801084041595459,2,1,114688,CartPole-v1,CP-qppo-ac-simple_reuploading-qlr2.5e-3-(72-params),simple_reuploading,10
0.00025,0.0025,49.91042709350586,-0.006961347535252571,0.5820103287696838,24.942432403564453,0.0006819431437179446,0.0007240972481667995,0.0,0.1268894076347351,2,1,115200,CartPole-v1,CP-qppo-ac-simple_reuploading-qlr2.5e-3-(72-params),simple_reuploading,10
0.00025,0.0025,53.06715393066406,-0.011062420904636383,0.5792102813720703,26.516721725463867,0.006568786688148975,0.0006320897955447435,0.0,0.22432762384414673,2,1,115712,CartPole-v1,CP-qppo-ac-simple_reuploading-qlr2.5e-3-(72-params),simple_reuploading,10
0.00025,0.0025,24.323566436767578,-0.0010832324624061584,0.589769184589386,12.154802322387695,-0.0027329460717737675,0.0008034948259592056,0.00048828125,0.17372220754623413,2,1,116224,CartPole-v1,CP-qppo-ac-simple_reuploading-qlr2.5e-3-(72-params),simple_reuploading,10
0.00025,0.0025,71.98426055908203,-0.014555498957633972,0.5804892182350159,35.971771240234375,0.003344854572787881,0.0020856407936662436,0.0029296875,0.31526756286621094,2,1,116736,CartPole-v1,CP-qppo-ac-simple_reuploading-qlr2.5e-3-(72-params),simple_reuploading,10
0.00025,0.0025,38.63080596923828,-0.015262667089700699,0.6057409048080444,19.294082641601562,0.0035363726783543825,0.001556013710796833,0.00244140625,0.34167999029159546,2,1,117248,CartPole-v1,CP-qppo-ac-simple_reuploading-qlr2.5e-3-(72-params),simple_reuploading,10
0.00025,0.0025,73.44436645507812,-0.003779076039791107,0.5978574156761169,36.712425231933594,0.00978525448590517,0.0017507289303466678,0.0,0.37260115146636963,2,1,117760,CartPole-v1,CP-qppo-ac-simple_reuploading-qlr2.5e-3-(72-params),simple_reuploading,10
0.00025,0.0025,52.653648376464844,-0.012148857116699219,0.5583946704864502,26.309091567993164,0.011547522619366646,0.0017232901882380247,0.00048828125,0.16424214839935303,2,1,118272,CartPole-v1,CP-qppo-ac-simple_reuploading-qlr2.5e-3-(72-params),simple_reuploading,10
0.00025,0.0025,43.77353286743164,-0.005027448758482933,0.581249475479126,21.875926971435547,0.000736416201107204,0.0008234767010435462,0.0009765625,0.46358722448349,2,1,118784,CartPole-v1,CP-qppo-ac-simple_reuploading-qlr2.5e-3-(72-params),simple_reuploading,10
0.00025,0.0025,65.2307357788086,-0.009916115552186966,0.5856971740722656,32.59959411621094,-0.0013226184528321028,0.002298417966812849,0.0029296875,0.3605479598045349,2,1,119296,CartPole-v1,CP-qppo-ac-simple_reuploading-qlr2.5e-3-(72-params),simple_reuploading,10
0.00025,0.0025,44.94532012939453,-0.007403758354485035,0.5923029184341431,22.459333419799805,0.00401895958930254,0.002124049002304673,0.00732421875,0.3665792942047119,2,1,119808,CartPole-v1,CP-qppo-ac-simple_reuploading-qlr2.5e-3-(72-params),simple_reuploading,10
0.00025,0.0025,75.33784484863281,-0.0036319242790341377,0.6146934628486633,37.65914535522461,-0.0031692814081907272,0.001007409649901092,0.00146484375,0.4510495662689209,2,1,120320,CartPole-v1,CP-qppo-ac-simple_reuploading-qlr2.5e-3-(72-params),simple_reuploading,10
0.00025,0.0025,81.68338775634766,-0.011319644749164581,0.5947526097297668,40.82442855834961,0.004242425784468651,0.004027132876217365,0.00830078125,0.19869935512542725,2,1,120832,CartPole-v1,CP-qppo-ac-simple_reuploading-qlr2.5e-3-(72-params),simple_reuploading,10
0.00025,0.0025,63.77553176879883,-0.021613407880067825,0.5729265809059143,31.860424041748047,0.006842713803052902,0.0033821838442236185,0.005859375,0.3363053798675537,2,1,121344,CartPole-v1,CP-qppo-ac-simple_reuploading-qlr2.5e-3-(72-params),simple_reuploading,10
0.00025,0.0025,57.871307373046875,-0.015317476354539394,0.5851105451583862,28.914485931396484,0.003306547412648797,0.0022599147632718086,0.0087890625,0.22478830814361572,2,1,121856,CartPole-v1,CP-qppo-ac-simple_reuploading-qlr2.5e-3-(72-params),simple_reuploading,10
0.00025,0.0025,57.12845993041992,-0.004815131425857544,0.6146329045295715,28.553268432617188,0.0002012795303016901,0.0017253283876925707,0.009765625,0.3850434422492981,2,1,122368,CartPole-v1,CP-qppo-ac-simple_reuploading-qlr2.5e-3-(72-params),simple_reuploading,10
0.00025,0.0025,63.023677825927734,-0.013719659298658371,0.5955051183700562,31.492164611816406,0.0023292400874197483,0.0015137003501877189,0.00244140625,0.3590492010116577,2,1,122880,CartPole-v1,CP-qppo-ac-simple_reuploading-qlr2.5e-3-(72-params),simple_reuploading,10
0.00025,0.0025,35.65665054321289,-0.010987188667058945,0.5740149021148682,17.81159782409668,0.0018590799300000072,0.001310704043135047,0.0068359375,0.28433191776275635,2,1,123392,CartPole-v1,CP-qppo-ac-simple_reuploading-qlr2.5e-3-(72-params),simple_reuploading,10
0.00025,0.0025,47.1569938659668,-0.005406554788351059,0.577372670173645,23.56731605529785,0.0035032951273024082,0.0008551363134756684,0.0,0.3980841040611267,2,1,123904,CartPole-v1,CP-qppo-ac-simple_reuploading-qlr2.5e-3-(72-params),simple_reuploading,10
0.00025,0.0025,27.641294479370117,-0.00823238492012024,0.5561566352844238,13.806853294372559,-0.002603644272312522,0.0008562040165998042,0.0,0.4156516194343567,2,1,124416,CartPole-v1,CP-qppo-ac-simple_reuploading-qlr2.5e-3-(72-params),simple_reuploading,10
0.00025,0.0025,49.86779022216797,-0.0025853533297777176,0.576775312423706,24.9255428314209,-0.0026365420781075954,0.0012360868277028203,0.00048828125,0.5015138983726501,2,1,124928,CartPole-v1,CP-qppo-ac-simple_reuploading-qlr2.5e-3-(72-params),simple_reuploading,10
0.00025,0.0025,38.55628967285156,-0.0025396430864930153,0.5792492628097534,19.269813537597656,-0.0027412790805101395,0.0007945392280817032,0.0009765625,0.4013686180114746,2,1,125440,CartPole-v1,CP-qppo-ac-simple_reuploading-qlr2.5e-3-(72-params),simple_reuploading,10
0.00025,0.0025,52.13412857055664,-0.004193410277366638,0.5795885920524597,26.05707550048828,-0.0022794895339757204,0.0022658337838947773,0.0048828125,0.40209102630615234,2,1,125952,CartPole-v1,CP-qppo-ac-simple_reuploading-qlr2.5e-3-(72-params),simple_reuploading,10
0.00025,0.0025,79.25723266601562,-0.004428468644618988,0.5739885568618774,39.618446350097656,-0.004532165825366974,0.0014229242224246264,0.0029296875,0.35257506370544434,2,1,126464,CartPole-v1,CP-qppo-ac-simple_reuploading-qlr2.5e-3-(72-params),simple_reuploading,10
0.00025,0.0025,62.049007415771484,-0.010187961161136627,0.6117721796035767,31.008197784423828,0.0059241121634840965,0.0014873985201120377,0.00390625,0.36997300386428833,2,1,126976,CartPole-v1,CP-qppo-ac-simple_reuploading-qlr2.5e-3-(72-params),simple_reuploading,10
0.00025,0.0025,48.53936004638672,0.0028223199769854546,0.57845538854599,24.2667179107666,0.0001680243294686079,0.0012392899952828884,0.00341796875,0.478717565536499,2,1,127488,CartPole-v1,CP-qppo-ac-simple_reuploading-qlr2.5e-3-(72-params),simple_reuploading,10
0.00025,0.0025,105.19365692138672,0.0014352239668369293,0.5854922533035278,52.5924072265625,0.017397291958332062,0.008530638180673122,0.0517578125,0.41597604751586914,2,1,128000,CartPole-v1,CP-qppo-ac-simple_reuploading-qlr2.5e-3-(72-params),simple_reuploading,10
0.00025,0.0025,53.248748779296875,-0.016230974346399307,0.599132776260376,26.60215187072754,0.008145228959619999,0.0022510713897645473,0.00439453125,0.28564465045928955,2,1,128512,CartPole-v1,CP-qppo-ac-simple_reuploading-qlr2.5e-3-(72-params),simple_reuploading,10
0.00025,0.0025,18.203371047973633,-0.005347054451704025,0.5636649131774902,9.090702056884766,0.006537268869578838,0.0021277207415550947,0.0029296875,0.5654741823673248,2,1,129024,CartPole-v1,CP-qppo-ac-simple_reuploading-qlr2.5e-3-(72-params),simple_reuploading,10
0.00025,0.0025,39.65019607543945,-0.006754075177013874,0.6121269464492798,19.812223434448242,0.00208914908580482,0.00047517026541754603,0.0,0.5841352045536041,2,1,129536,CartPole-v1,CP-qppo-ac-simple_reuploading-qlr2.5e-3-(72-params),simple_reuploading,10
0.00025,0.0025,57.17826843261719,-0.0006767679005861282,0.5784085988998413,28.582674026489258,0.005072751082479954,0.0019746976904571056,0.0009765625,0.32281816005706787,2,1,130048,CartPole-v1,CP-qppo-ac-simple_reuploading-qlr2.5e-3-(72-params),simple_reuploading,10
0.00025,0.0025,16.674884796142578,-0.004518414847552776,0.5894292593002319,8.32702922821045,0.0006369400070980191,0.0004140269593335688,0.0,0.7465803921222687,2,1,130560,CartPole-v1,CP-qppo-ac-simple_reuploading-qlr2.5e-3-(72-params),simple_reuploading,10
0.00025,0.0025,105.01017761230469,-0.0058273859322071075,0.5820215940475464,52.49344253540039,0.0005114141386002302,0.003723121713846922,0.00732421875,0.3429010510444641,2,1,131072,CartPole-v1,CP-qppo-ac-simple_reuploading-qlr2.5e-3-(72-params),simple_reuploading,10
0.00025,0.0025,49.648712158203125,-0.0030399393290281296,0.5668661594390869,24.81564712524414,-0.0009899238357320428,0.0022911126725375652,0.0126953125,0.3362686038017273,2,1,131584,CartPole-v1,CP-qppo-ac-simple_reuploading-qlr2.5e-3-(72-params),simple_reuploading,10
0.00025,0.0025,82.8446044921875,-0.016779933124780655,0.5917819738388062,41.39960479736328,0.003500517923384905,0.0012911356752738357,0.0009765625,0.3174578547477722,2,1,132096,CartPole-v1,CP-qppo-ac-simple_reuploading-qlr2.5e-3-(72-params),simple_reuploading,10
0.00025,0.0025,76.37911987304688,-0.010635040700435638,0.5922937989234924,38.17300033569336,-0.0004930996219627559,0.0013487569522112608,0.00341796875,0.25823384523391724,2,1,132608,CartPole-v1,CP-qppo-ac-simple_reuploading-qlr2.5e-3-(72-params),simple_reuploading,10
0.00025,0.0025,30.0155029296875,-0.004166806116700172,0.5571010708808899,14.998013496398926,0.0018368379678577185,0.002775646047666669,0.0078125,0.4225674271583557,2,1,133120,CartPole-v1,CP-qppo-ac-simple_reuploading-qlr2.5e-3-(72-params),simple_reuploading,10
0.00025,0.0025,28.173141479492188,0.0004370305687189102,0.5775747299194336,14.081232070922852,0.010712571442127228,0.006001235451549292,0.0166015625,0.5436219871044159,2,1,133632,CartPole-v1,CP-qppo-ac-simple_reuploading-qlr2.5e-3-(72-params),simple_reuploading,10
0.00025,0.0025,26.844680786132812,-0.007420920766890049,0.5969940423965454,13.408949851989746,-0.0033369138836860657,0.0024967340286821127,0.0029296875,0.1978810429573059,2,1,134144,CartPole-v1,CP-qppo-ac-simple_reuploading-qlr2.5e-3-(72-params),simple_reuploading,10
0.00025,0.0025,55.640419006347656,-0.006006523966789246,0.6093504428863525,27.808109283447266,0.01485627144575119,0.0024290019646286964,0.00146484375,0.5147144794464111,2,1,134656,CartPole-v1,CP-qppo-ac-simple_reuploading-qlr2.5e-3-(72-params),simple_reuploading,10
0.00025,0.0025,47.59825134277344,-0.0010978356003761292,0.5994325876235962,23.792034149169922,-0.007612043991684914,0.0015328401932492852,0.0009765625,0.5629697442054749,2,1,135168,CartPole-v1,CP-qppo-ac-simple_reuploading-qlr2.5e-3-(72-params),simple_reuploading,10
0.00025,0.0025,120.79983520507812,-0.016299061477184296,0.5964435935020447,60.377655029296875,0.006468463689088821,0.0037197424098849297,0.0107421875,0.44812947511672974,2,1,135680,CartPole-v1,CP-qppo-ac-simple_reuploading-qlr2.5e-3-(72-params),simple_reuploading,10
0.00025,0.0025,64.34207916259766,-0.008061099797487259,0.5929698944091797,32.157047271728516,0.00012136460281908512,0.002097709570080042,0.0029296875,0.4836461544036865,2,1,136192,CartPole-v1,CP-qppo-ac-simple_reuploading-qlr2.5e-3-(72-params),simple_reuploading,10
0.00025,0.0025,50.668670654296875,-0.012196425348520279,0.5988740921020508,25.316150665283203,0.005715878680348396,0.002604907378554344,0.0048828125,0.5910769999027252,2,1,136704,CartPole-v1,CP-qppo-ac-simple_reuploading-qlr2.5e-3-(72-params),simple_reuploading,10
0.00025,0.0025,42.56836700439453,-0.013009615242481232,0.5926973819732666,21.265247344970703,0.0030032654758542776,0.0015546279028058052,0.001953125,0.5556961894035339,2,1,137216,CartPole-v1,CP-qppo-ac-simple_reuploading-qlr2.5e-3-(72-params),simple_reuploading,10
0.00025,0.0025,29.570405960083008,-0.011473387479782104,0.5916147828102112,14.767813682556152,0.006982164457440376,0.002434347290545702,0.00146484375,0.7598446607589722,2,1,137728,CartPole-v1,CP-qppo-ac-simple_reuploading-qlr2.5e-3-(72-params),simple_reuploading,10
0.00025,0.0025,106.31956481933594,-0.01698235422372818,0.5806980729103088,53.136993408203125,0.0016525422688573599,0.005845061969012022,0.025390625,0.45107877254486084,2,1,138240,CartPole-v1,CP-qppo-ac-simple_reuploading-qlr2.5e-3-(72-params),simple_reuploading,10
0.00025,0.0025,66.64341735839844,-0.012324824929237366,0.5991165041923523,33.30339431762695,0.006294499151408672,0.001743880333378911,0.00439453125,0.6462286710739136,2,1,138752,CartPole-v1,CP-qppo-ac-simple_reuploading-qlr2.5e-3-(72-params),simple_reuploading,10
0.00025,0.0025,24.414867401123047,-0.004624917171895504,0.5742680430412292,12.197066307067871,-0.007752946112304926,0.005958870984613895,0.02392578125,0.6407045722007751,2,1,139264,CartPole-v1,CP-qppo-ac-simple_reuploading-qlr2.5e-3-(72-params),simple_reuploading,10
0.00025,0.0025,60.59307861328125,-0.013761043548583984,0.5573883056640625,30.277204513549805,0.0059894984588027,0.0037576304748654366,0.01220703125,0.3570016026496887,2,1,139776,CartPole-v1,CP-qppo-ac-simple_reuploading-qlr2.5e-3-(72-params),simple_reuploading,10
0.00025,0.0025,60.75032424926758,-0.014271017163991928,0.5782116055488586,30.3551082611084,0.0009105612989515066,0.0006631213473156095,0.00048828125,0.3749856948852539,2,1,140288,CartPole-v1,CP-qppo-ac-simple_reuploading-qlr2.5e-3-(72-params),simple_reuploading,10
0.00025,0.0025,79.22308349609375,-0.009227792732417583,0.5728543996810913,39.59658432006836,0.013303815387189388,0.0031775934621691704,0.00927734375,0.34907543659210205,2,1,140800,CartPole-v1,CP-qppo-ac-simple_reuploading-qlr2.5e-3-(72-params),simple_reuploading,10
0.00025,0.0025,27.484676361083984,-0.006104756146669388,0.5846809148788452,13.730386734008789,0.007376349996775389,0.0031251139007508755,0.00341796875,0.6181708872318268,2,1,141312,CartPole-v1,CP-qppo-ac-simple_reuploading-qlr2.5e-3-(72-params),simple_reuploading,10
0.00025,0.0025,58.59211730957031,-0.007421507500112057,0.6022841334342957,29.28261375427246,0.0038376448210328817,0.000600370520260185,0.0,0.6529192328453064,2,1,141824,CartPole-v1,CP-qppo-ac-simple_reuploading-qlr2.5e-3-(72-params),simple_reuploading,10
0.00025,0.0025,30.850841522216797,-0.017855791375041008,0.5945008993148804,15.401619911193848,0.017602313309907913,0.004288216587156057,0.0087890625,0.8089622557163239,2,1,142336,CartPole-v1,CP-qppo-ac-simple_reuploading-qlr2.5e-3-(72-params),simple_reuploading,10
0.00025,0.0025,58.848690032958984,-0.01290181279182434,0.565310537815094,29.405790328979492,0.003491887589916587,0.002062978921458125,0.00341796875,0.42064809799194336,2,1,142848,CartPole-v1,CP-qppo-ac-simple_reuploading-qlr2.5e-3-(72-params),simple_reuploading,10
0.00025,0.0025,18.333900451660156,-0.006991395726799965,0.5685573220252991,9.15427303314209,0.006046268157660961,0.00308722211048007,0.009765625,-0.32718753814697266,2,1,143360,CartPole-v1,CP-qppo-ac-simple_reuploading-qlr2.5e-3-(72-params),simple_reuploading,10
0.00025,0.0025,64.88861846923828,-0.007115734741091728,0.6002321243286133,32.431190490722656,0.0019283103756606579,0.0004693694063462317,0.0,0.38378340005874634,2,1,143872,CartPole-v1,CP-qppo-ac-simple_reuploading-qlr2.5e-3-(72-params),simple_reuploading,10
0.00025,0.0025,35.84541320800781,-0.019888246431946754,0.5816879272460938,17.897001266479492,-0.009360820055007935,0.0020318939350545406,0.001953125,0.7095186710357666,2,1,144384,CartPole-v1,CP-qppo-ac-simple_reuploading-qlr2.5e-3-(72-params),simple_reuploading,10
0.00025,0.0025,87.11966705322266,-0.02332492358982563,0.564919114112854,43.530860900878906,-0.0014011923922225833,0.002574796788394451,0.00537109375,0.227728009223938,2,1,144896,CartPole-v1,CP-qppo-ac-simple_reuploading-qlr2.5e-3-(72-params),simple_reuploading,10
0.00025,0.0025,61.64950942993164,-0.005984440445899963,0.5576505661010742,30.813194274902344,-2.6444788090884686e-05,0.0023486209101974964,0.00390625,0.38831663131713867,2,1,145408,CartPole-v1,CP-qppo-ac-simple_reuploading-qlr2.5e-3-(72-params),simple_reuploading,10
0.00025,0.0025,48.81999588012695,-0.007194988429546356,0.5856496691703796,24.39694595336914,0.0014111760538071394,0.0012072522658854723,0.00146484375,0.5914953649044037,2,1,145920,CartPole-v1,CP-qppo-ac-simple_reuploading-qlr2.5e-3-(72-params),simple_reuploading,10
0.00025,0.0025,47.542335510253906,-0.0018218597397208214,0.5878464579582214,23.76346778869629,-0.0028468193486332893,0.0025051631964743137,0.00341796875,0.434425950050354,2,1,146432,CartPole-v1,CP-qppo-ac-simple_reuploading-qlr2.5e-3-(72-params),simple_reuploading,10
0.00025,0.0025,50.80721664428711,-0.013318166136741638,0.5616689324378967,25.384674072265625,0.00029471213929355145,0.004203095566481352,0.00390625,0.6508572995662689,2,1,146944,CartPole-v1,CP-qppo-ac-simple_reuploading-qlr2.5e-3-(72-params),simple_reuploading,10
0.00025,0.0025,28.94070053100586,-0.019621936604380608,0.5638730525970459,14.445089340209961,0.009493335150182247,0.0056917620822787285,0.01953125,0.7721228152513504,2,1,147456,CartPole-v1,CP-qppo-ac-simple_reuploading-qlr2.5e-3-(72-params),simple_reuploading,10
0.00025,0.0025,61.631248474121094,-0.018813271075487137,0.5736434459686279,30.791074752807617,0.010484904982149601,0.0014542833669111133,0.00048828125,0.627466231584549,2,1,147968,CartPole-v1,CP-qppo-ac-simple_reuploading-qlr2.5e-3-(72-params),simple_reuploading,10
0.00025,0.0025,58.3427619934082,-0.003525812178850174,0.5723450779914856,29.162132263183594,0.01730405166745186,0.007968760095536709,0.04443359375,0.30622899532318115,2,1,148480,CartPole-v1,CP-qppo-ac-simple_reuploading-qlr2.5e-3-(72-params),simple_reuploading,10
0.00025,0.0025,15.923303604125977,-0.007798393256962299,0.5687161087989807,7.948166370391846,0.005005006678402424,0.0009232237352989614,0.0009765625,0.5374457240104675,2,1,148992,CartPole-v1,CP-qppo-ac-simple_reuploading-qlr2.5e-3-(72-params),simple_reuploading,10
0.00025,0.0025,37.877235412597656,-0.006585659459233284,0.5752357244491577,18.926279067993164,-0.003588459687307477,0.0032613566145300865,0.001953125,0.560236781835556,2,1,149504,CartPole-v1,CP-qppo-ac-simple_reuploading-qlr2.5e-3-(72-params),simple_reuploading,10
